{"cameraMode":{"drawMode":0,"name":"Shaded","section":"Shading Mode"},"sceneLighting":true,"audioPlay":false,"sceneViewState":{"m_AlwaysRefresh":false,"showFog":true,"showSkybox":true,"showFlares":true,"showImageEffects":true,"showParticleSystems":true,"showVisualEffectGraphs":true,"m_FxEnabled":true},"in2DMode":false,"pivot":{"x":88.36880493164063,"y":37.210479736328128,"z":-26.36444091796875},"rotation":{"x":0.10602700710296631,"y":-0.07153356075286865,"z":0.007625186815857887,"w":0.9917768836021423},"size":63.50294494628906,"orthographic":true}