{"cameraMode":{"drawMode":0,"name":"Shaded","section":"Shading Mode"},"sceneLighting":true,"audioPlay":false,"sceneViewState":{"m_AlwaysRefresh":false,"showFog":true,"showSkybox":true,"showFlares":true,"showImageEffects":true,"showParticleSystems":true,"showVisualEffectGraphs":true,"m_FxEnabled":true},"in2DMode":false,"pivot":{"x":-1.6263370513916016,"y":2.3751940727233888,"z":-3.749147891998291},"rotation":{"x":-0.0881391242146492,"y":0.07464010268449784,"z":0.006599707528948784,"w":0.9933027029037476},"size":5.706664562225342,"orthographic":true}