{"cameraMode":{"drawMode":0,"name":"Shaded","section":"Shading Mode"},"sceneLighting":false,"audioPlay":false,"sceneViewState":{"m_AlwaysRefresh":false,"showFog":true,"showSkybox":false,"showFlares":true,"showImageEffects":true,"showParticleSystems":true,"showVisualEffectGraphs":true,"m_FxEnabled":true},"in2DMode":false,"pivot":{"x":2.092381238937378,"y":1.993786334991455,"z":14.925552368164063},"rotation":{"x":-0.33858874440193179,"y":-0.07479184120893479,"z":0.026740064844489099,"w":-0.9376943111419678},"size":6.883678913116455,"orthographic":true}